{
  "folds": [
    {
      "fold": 1,
      "n_train": 481,
      "n_val": 104,
      "n_test": 104,
      "baseline_accuracy": 0.7019230769230769,
      "baseline_f1": 0.8248587570621468,
      "train_accuracy": 0.7006237006237006,
      "train_f1": 0.823960880195599,
      "train_auroc": 1.0,
      "val_accuracy": 0.7019230769230769,
      "val_f1": 0.8248587570621468,
      "val_auroc": 0.5930181175430845,
      "test_accuracy": 0.7019230769230769,
      "test_f1": 0.8248587570621468,
      "test_auroc": 0.7543084401237296
    }
  ],
  "avg_baseline_accuracy": 0.7019230769230769,
  "avg_baseline_f1": 0.8248587570621468,
  "avg_train_accuracy": 0.7006237006237006,
  "avg_train_f1": 0.823960880195599,
  "avg_train_auroc": 1.0,
  "avg_val_auroc": 0.5930181175430845,
  "avg_test_accuracy": 0.7019230769230769,
  "avg_test_f1": 0.8248587570621468,
  "avg_test_auroc": 0.7543084401237296,
  "feature_dim": 3584,
  "n_samples": 689,
  "n_folds": 1,
  "extract_time_s": 167.86356663703918
}